{
  "episode": [
    50,
    100,
    150,
    200,
    250,
    300,
    350,
    400,
    450,
    500,
    550,
    600,
    650,
    700,
    750,
    800,
    850,
    900,
    950,
    1000,
    1050,
    1100,
    1150,
    1200,
    1250,
    1300,
    1350,
    1400,
    1450,
    1500,
    1550,
    1600,
    1650,
    1700,
    1750,
    1800,
    1850,
    1900,
    1950,
    2000
  ],
  "avg_reward": [
    -0.7468000000000007,
    -0.7295000000000007,
    -0.7236000000000007,
    -0.7891000000000006,
    -0.7098000000000007,
    -0.6221000000000005,
    -0.6083000000000005,
    -0.4980000000000006,
    -0.5117000000000006,
    -0.5815000000000006,
    -0.6680000000000007,
    -0.6465000000000005,
    -0.5870000000000005,
    -0.6047000000000006,
    -0.4830000000000006,
    -0.4222000000000006,
    -0.48870000000000063,
    -0.5194000000000006,
    -0.5273000000000007,
    -0.5575000000000006,
    -0.5350000000000007,
    -0.4087000000000006,
    -0.40920000000000056,
    -0.5097000000000005,
    -0.5408000000000005,
    -0.2945000000000005,
    -0.28830000000000056,
    -0.49050000000000055,
    -0.40970000000000056,
    -0.45290000000000064,
    -0.41310000000000047,
    -0.35230000000000045,
    -0.4030000000000005,
    -0.5714000000000007,
    -0.6717000000000007,
    -0.5120000000000006,
    -0.33390000000000064,
    -0.31890000000000057,
    -0.13730000000000037,
    -0.09040000000000033
  ],
  "success_rate": [
    0.08,
    0.07,
    0.07,
    0.05,
    0.08,
    0.12,
    0.13,
    0.19,
    0.17,
    0.12,
    0.09,
    0.1,
    0.11,
    0.1,
    0.16,
    0.17,
    0.12,
    0.12,
    0.14,
    0.09,
    0.09,
    0.18,
    0.19,
    0.15,
    0.1,
    0.18,
    0.21,
    0.14,
    0.16,
    0.12,
    0.13,
    0.15,
    0.15,
    0.1,
    0.04,
    0.13,
    0.2,
    0.17,
    0.23,
    0.25
  ]
}