{
  "episode": [
    100,
    200,
    300,
    400,
    500,
    600,
    700,
    800,
    900,
    1000,
    1100,
    1200,
    1300,
    1400,
    1500,
    1600,
    1700,
    1800,
    1900,
    2000,
    2100,
    2200,
    2300,
    2400,
    2500,
    2600,
    2700,
    2800,
    2900,
    3000
  ],
  "avg_reward": [
    -0.2230000000000001,
    -0.2052000000000001,
    -0.14220000000000008,
    -0.15100000000000008,
    0.06129999999999988,
    0.1660999999999999,
    0.08849999999999981,
    -0.038900000000000136,
    -0.0148000000000002,
    0.09039999999999987,
    0.07929999999999986,
    0.08189999999999983,
    -0.02870000000000014,
    0.17209999999999984,
    0.1713999999999998,
    0.21799999999999983,
    0.1783999999999998,
    0.2888999999999999,
    0.01019999999999987,
    0.45639999999999986,
    0.16979999999999984,
    0.31859999999999983,
    0.1862999999999998,
    0.10999999999999986,
    0.3054999999999999,
    0.31379999999999986,
    0.3924999999999999,
    0.34899999999999987,
    0.2596999999999998,
    0.36169999999999985
  ],
  "success_rate": [
    0.12,
    0.11,
    0.16,
    0.15,
    0.27,
    0.3,
    0.3,
    0.21,
    0.23,
    0.37,
    0.31,
    0.32,
    0.26,
    0.31,
    0.35,
    0.37,
    0.4,
    0.41,
    0.3,
    0.47,
    0.35,
    0.44,
    0.36,
    0.29,
    0.43,
    0.45,
    0.5,
    0.42,
    0.45,
    0.43
  ],
  "phase": [
    0,
    0,
    0,
    0,
    0,
    0,
    0,
    0,
    0,
    0,
    0,
    0,
    0,
    0,
    0,
    0,
    0,
    0,
    0,
    0,
    0,
    0,
    0,
    0,
    0,
    0,
    0,
    0,
    0,
    0
  ]
}