{
  "episode": [
    100,
    200,
    300,
    400,
    500,
    600,
    700,
    800,
    900,
    1000,
    1100,
    1200,
    1300,
    1400,
    1500,
    1600,
    1700,
    1800,
    1900,
    2000,
    2100,
    2200,
    2300,
    2400,
    2500,
    2600,
    2700,
    2800,
    2900,
    3000
  ],
  "avg_reward": [
    -0.2979000000000001,
    -0.22460000000000008,
    -0.08740000000000013,
    -0.13780000000000017,
    -0.049100000000000116,
    -0.036900000000000155,
    0.012199999999999872,
    0.18169999999999992,
    0.09769999999999979,
    0.06489999999999982,
    0.08199999999999986,
    0.03579999999999987,
    0.09609999999999977,
    0.0057999999999998435,
    0.1260999999999998,
    0.14269999999999985,
    0.15249999999999986,
    0.045299999999999854,
    0.22899999999999987,
    0.23519999999999985,
    0.34859999999999985,
    0.35309999999999997,
    0.3493999999999998,
    0.41709999999999986,
    0.3919999999999998,
    0.5365999999999999,
    0.5450999999999998,
    0.7847999999999997,
    0.8822999999999998,
    0.9672
  ],
  "success_rate": [
    0.1,
    0.12,
    0.17,
    0.19,
    0.17,
    0.19,
    0.26,
    0.31,
    0.28,
    0.27,
    0.29,
    0.3,
    0.35,
    0.26,
    0.33,
    0.31,
    0.34,
    0.32,
    0.33,
    0.31,
    0.41,
    0.41,
    0.44,
    0.43,
    0.48,
    0.53,
    0.52,
    0.65,
    0.69,
    0.66
  ],
  "phase": [
    1,
    1,
    1,
    1,
    1,
    1,
    1,
    1,
    2,
    2,
    2,
    2,
    2,
    2,
    2,
    2,
    3,
    3,
    3,
    3,
    3,
    3,
    3,
    3,
    3,
    3,
    3,
    3,
    3,
    3
  ]
}