{
  "episode": [
    100,
    200,
    300,
    400,
    500,
    600,
    700,
    800,
    900,
    1000,
    1100,
    1200,
    1300,
    1400,
    1500,
    1600,
    1700,
    1800,
    1900,
    2000,
    2100,
    2200,
    2300,
    2400,
    2500,
    2600,
    2700,
    2800,
    2900,
    3000
  ],
  "avg_reward": [
    -0.19970000000000016,
    -0.11670000000000014,
    -0.20800000000000016,
    0.0353999999999999,
    -0.11150000000000013,
    -0.009100000000000179,
    0.026399999999999823,
    0.014899999999999804,
    0.09159999999999982,
    0.05559999999999983,
    -0.002600000000000192,
    -0.0039000000000001577,
    0.12769999999999976,
    0.23969999999999989,
    0.23969999999999986,
    0.12459999999999981,
    0.12729999999999977,
    0.1367999999999998,
    0.1735999999999998,
    0.3806999999999999,
    0.3645999999999998,
    0.5629,
    0.5166999999999998,
    0.7304,
    0.5699999999999998,
    0.7538000000000001,
    0.8591999999999999,
    0.7550999999999999,
    0.802,
    1.016
  ],
  "success_rate": [
    0.13,
    0.17,
    0.12,
    0.19,
    0.19,
    0.28,
    0.27,
    0.28,
    0.28,
    0.32,
    0.25,
    0.27,
    0.31,
    0.39,
    0.35,
    0.33,
    0.37,
    0.32,
    0.39,
    0.42,
    0.48,
    0.53,
    0.49,
    0.55,
    0.53,
    0.6,
    0.67,
    0.66,
    0.63,
    0.74
  ],
  "phase": [
    1,
    1,
    1,
    1,
    1,
    1,
    1,
    1,
    2,
    2,
    2,
    2,
    2,
    2,
    2,
    2,
    3,
    3,
    3,
    3,
    3,
    3,
    3,
    3,
    3,
    3,
    3,
    3,
    3,
    3
  ]
}