{
  "update": [
    25,
    50,
    75,
    100,
    125,
    150,
    175,
    200,
    225,
    250,
    275,
    300,
    325,
    350,
    375,
    400,
    425,
    450,
    475,
    500
  ],
  "avg_reward": [
    -0.6520000000000006,
    -0.6340000000000006,
    -0.8154000000000007,
    -0.7208000000000006,
    -0.7000000000000006,
    -0.6480000000000007,
    -0.6012000000000005,
    -0.7220000000000006,
    -0.6690000000000005,
    -0.7360000000000005,
    -0.7320000000000007,
    -0.8040000000000006,
    -0.7144000000000006,
    -0.5958000000000007,
    -0.8080000000000005,
    -0.8280000000000005,
    -0.6200000000000006,
    -0.7690000000000005,
    -0.7378000000000006,
    -0.6412000000000007
  ],
  "success_rate": [
    0.08,
    0.04,
    0.02,
    0.06,
    0.06,
    0.08,
    0.1,
    0.04,
    0.08,
    0.02,
    0.04,
    0.04,
    0.04,
    0.12,
    0.02,
    0.02,
    0.06,
    0.02,
    0.04,
    0.06
  ]
}