{
  "episode": [
    100,
    200,
    300,
    400,
    500,
    600,
    700,
    800,
    900,
    1000,
    1100,
    1200,
    1300,
    1400,
    1500,
    1600,
    1700,
    1800,
    1900,
    2000,
    2100,
    2200,
    2300,
    2400,
    2500,
    2600,
    2700,
    2800,
    2900,
    3000
  ],
  "avg_reward": [
    -0.29700000000000015,
    -0.23530000000000012,
    -0.2087000000000001,
    -0.09400000000000014,
    -0.09420000000000014,
    -0.10550000000000022,
    0.013299999999999881,
    -0.0702000000000002,
    0.15559999999999985,
    -0.07950000000000017,
    0.010999999999999859,
    0.011399999999999839,
    0.0014999999999998448,
    0.07289999999999983,
    -0.0029000000000001347,
    0.2140999999999999,
    0.19869999999999982,
    0.12109999999999982,
    0.3339999999999999,
    0.42709999999999987,
    0.3069999999999999,
    0.22999999999999982,
    0.3747999999999998,
    0.2500999999999998,
    0.3851999999999998,
    0.5610999999999999,
    0.24979999999999983,
    0.5795999999999998,
    0.3606999999999998,
    0.6271
  ],
  "success_rate": [
    0.1,
    0.12,
    0.15,
    0.2,
    0.18,
    0.2,
    0.26,
    0.19,
    0.29,
    0.21,
    0.22,
    0.29,
    0.29,
    0.27,
    0.25,
    0.38,
    0.33,
    0.33,
    0.4,
    0.44,
    0.4,
    0.38,
    0.47,
    0.44,
    0.52,
    0.5,
    0.4,
    0.51,
    0.46,
    0.59
  ],
  "phase": [
    1,
    1,
    1,
    1,
    1,
    1,
    1,
    1,
    2,
    2,
    2,
    2,
    2,
    2,
    2,
    2,
    3,
    3,
    3,
    3,
    3,
    3,
    3,
    3,
    3,
    3,
    3,
    3,
    3,
    3
  ]
}